<?xml version="1.0" encoding="UTF-8"?>
<project-private xmlns="http://www.netbeans.org/ns/project-private/1">
    <editor-bookmarks xmlns="http://www.netbeans.org/ns/editor-bookmarks/2" lastBookmarkId="0"/>
    <open-files xmlns="http://www.netbeans.org/ns/projectui-open-files/2">
        <group>
            <file>file:/F:/wamp64/www/LifeStyleStore/Login.php</file>
            <file>file:/F:/wamp64/www/LifeStyleStore/signup_script.php</file>
            <file>file:/F:/wamp64/www/LifeStyleStore/index.php</file>
            <file>file:/F:/wamp64/www/LifeStyleStore/logout.php</file>
            <file>file:/F:/wamp64/www/LifeStyleStore/Cart-add.php</file>
            <file>file:/F:/wamp64/www/LifeStyleStore/Cart-remove.php</file>
            <file>file:/F:/wamp64/www/LifeStyleStore/products.php</file>
            <file>file:/F:/wamp64/www/LifeStyleStore/cart.php</file>
            <file>file:/F:/wamp64/www/LifeStyleStore/Sign_Up.php</file>
            <file>file:/F:/wamp64/www/LifeStyleStore/setting_script.php</file>
            <file>file:/F:/wamp64/www/LifeStyleStore/includes/common.php</file>
            <file>file:/F:/wamp64/www/LifeStyleStore/login_submit.php</file>
            <file>file:/F:/wamp64/www/LifeStyleStore/includes/footer.php</file>
            <file>file:/F:/wamp64/www/LifeStyleStore/includes/header.php</file>
            <file>file:/F:/wamp64/www/LifeStyleStore/setting.php</file>
            <file>file:/F:/wamp64/www/LifeStyleStore/includes/Check-if-added.php</file>
            <file>file:/F:/wamp64/www/LifeStyleStore/success.php</file>
        </group>
    </open-files>
</project-private>
